customer_id,age,gender,city,signup_date
CUST00001,56,Male,Pune,2025-05-13 19:00:00
CUST00002,46,Female,Mumbai,2025-04-09 23:00:00
CUST00003,32,Male,Kolkata,2025-11-21 12:00:00
CUST00004,60,Female,Delhi,2024-03-22 22:00:00
CUST00005,25,Female,Delhi,2025-08-26 13:00:00
CUST00006,38,Female,Chennai,2025-11-17 22:00:00
CUST00007,56,Male,Delhi,2024-12-30 04:00:00
CUST00008,36,Male,Mumbai,2024-06-11 03:00:00
CUST00009,40,Male,Lucknow,2024-02-17 13:00:00
CUST00010,28,Female,Jaipur,2025-05-25 09:00:00
CUST00011,28,Female,Mumbai,2024-11-24 16:00:00
CUST00012,41,Other,Mumbai,2024-04-25 09:00:00
CUST00013,53,Male,Ahmedabad,2024-12-02 06:00:00
CUST00014,57,Female,Jaipur,2024-05-26 15:00:00
CUST00015,41,Female,Kolkata,2025-07-28 00:00:00
CUST00016,20,Male,Delhi,2024-11-18 16:00:00
CUST00017,39,Male,Jaipur,2025-03-18 20:00:00
CUST00018,19,Female,Delhi,2024-01-13 08:00:00
CUST00019,41,Female,Chennai,2025-05-08 05:00:00
CUST00020,61,Female,Jaipur,2025-12-01 18:00:00
CUST00021,47,Male,Delhi,2024-10-13 12:00:00
CUST00022,55,Female,Kolkata,2025-12-20 02:00:00
CUST00023,19,Male,Hyderabad,2024-04-23 06:00:00
CUST00024,38,Male,Bangalore,2025-04-24 21:00:00
CUST00025,50,Male,Bangalore,2024-01-22 08:00:00
CUST00026,29,Female,Kolkata,2024-12-14 21:00:00
CUST00027,39,Female,Ahmedabad,2025-12-26 04:00:00
CUST00028,61,Female,Hyderabad,2025-11-13 09:00:00
CUST00029,42,Male,Chennai,2025-07-19 22:00:00
CUST00030,44,Female,Kolkata,2024-11-15 16:00:00
CUST00031,59,Male,Bangalore,2024-05-05 11:00:00
CUST00032,45,Female,Bangalore,2024-10-03 22:00:00
CUST00033,33,Male,Bangalore,2024-07-22 15:00:00
CUST00034,32,Male,Pune,2024-07-12 02:00:00
CUST00035,64,Male,Kolkata,2025-11-11 21:00:00
CUST00036,61,Male,Mumbai,2025-10-25 08:00:00
CUST00037,20,Female,Chennai,2025-06-30 14:00:00
CUST00038,54,Female,Bangalore,2025-11-26 04:00:00
CUST00039,24,Male,Delhi,2024-10-12 22:00:00
CUST00040,38,Female,Kolkata,2024-02-26 12:00:00
CUST00041,26,Male,Pune,2024-10-29 13:00:00
CUST00042,56,Female,Kolkata,2024-06-11 19:00:00
CUST00043,35,Female,Chennai,2024-01-19 14:00:00
CUST00044,21,Female,Pune,2025-01-04 15:00:00
CUST00045,42,Male,Chennai,2024-09-20 22:00:00
CUST00046,31,Female,Kolkata,2024-04-22 12:00:00
CUST00047,26,Female,Mumbai,2025-05-02 16:00:00
CUST00048,43,Male,Chennai,2024-11-22 22:00:00
CUST00049,19,Male,Pune,2025-06-25 07:00:00
CUST00050,37,Female,Pune,2025-10-08 20:00:00
CUST00051,45,Female,Chennai,2025-08-01 01:00:00
CUST00052,64,Female,Lucknow,2024-03-05 04:00:00
CUST00053,24,Female,Kolkata,2024-10-18 05:00:00
CUST00054,61,Female,Lucknow,2024-01-25 11:00:00
CUST00055,25,Male,Ahmedabad,2025-07-02 17:00:00
CUST00056,64,Male,Kolkata,2024-01-01 21:00:00
CUST00057,52,Male,Chennai,2025-07-02 21:00:00
CUST00058,31,Female,Hyderabad,2024-05-20 00:00:00
CUST00059,34,Male,Chennai,2025-10-09 16:00:00
CUST00060,53,Female,Lucknow,2024-07-06 10:00:00
CUST00061,57,Female,Mumbai,2024-05-07 09:00:00
CUST00062,21,Female,Chennai,2024-07-19 18:00:00
CUST00063,19,Male,Chennai,2024-05-06 13:00:00
CUST00064,23,Female,Mumbai,2024-09-13 09:00:00
CUST00065,59,Male,Chennai,2025-11-06 14:00:00
CUST00066,21,Female,Bangalore,2025-06-30 18:00:00
CUST00067,46,Male,Hyderabad,2024-07-12 03:00:00
CUST00068,35,Male,Delhi,2025-12-03 01:00:00
CUST00069,43,Female,Hyderabad,2024-04-13 08:00:00
CUST00070,61,Male,Chennai,2025-06-18 09:00:00
CUST00071,51,Male,Bangalore,2024-09-21 10:00:00
CUST00072,27,Female,Kolkata,2025-01-18 13:00:00
CUST00073,53,Female,Chennai,2024-09-16 06:00:00
CUST00074,31,Female,Lucknow,2025-02-17 22:00:00
CUST00075,48,Female,Bangalore,2024-12-23 14:00:00
CUST00076,32,Female,Mumbai,2024-03-15 21:00:00
CUST00077,25,Male,Bangalore,2024-12-20 18:00:00
CUST00078,31,Male,Mumbai,2025-08-06 21:00:00
CUST00079,40,Male,Ahmedabad,2024-07-06 14:00:00
CUST00080,57,Female,Delhi,2025-11-15 23:00:00
CUST00081,38,Female,Jaipur,2024-10-16 07:00:00
CUST00082,33,Male,Bangalore,2024-02-14 10:00:00
CUST00083,62,Male,Pune,2025-07-26 08:00:00
CUST00084,35,Female,Lucknow,2024-03-23 14:00:00
CUST00085,64,Male,Chennai,2024-05-02 00:00:00
CUST00086,41,Female,Lucknow,2024-12-23 00:00:00
CUST00087,43,Female,Hyderabad,2025-06-11 18:00:00
CUST00088,42,Female,Jaipur,2024-03-06 02:00:00
CUST00089,62,Male,Hyderabad,2025-10-18 09:00:00
CUST00090,58,Female,Ahmedabad,2025-01-09 07:00:00
CUST00091,46,Female,Jaipur,2024-06-10 14:00:00
CUST00092,32,Female,Jaipur,2025-01-14 09:00:00
CUST00093,62,Female,Hyderabad,2025-10-17 00:00:00
CUST00094,18,Female,Mumbai,2024-12-23 17:00:00
CUST00095,42,Female,Hyderabad,2024-07-06 01:00:00
CUST00096,24,Male,Lucknow,2024-11-17 18:00:00
CUST00097,26,Female,Mumbai,2025-03-25 12:00:00
CUST00098,41,Female,Lucknow,2025-04-18 21:00:00
CUST00099,18,Male,Ahmedabad,2024-01-13 00:00:00
CUST00100,61,Female,Chennai,2024-07-02 01:00:00
CUST00101,25,Female,Kolkata,2024-04-20 15:00:00
CUST00102,41,Female,Mumbai,2025-05-22 14:00:00
CUST00103,28,Male,Ahmedabad,2024-10-16 12:00:00
CUST00104,34,Male,Pune,2024-10-21 15:00:00
CUST00105,25,Other,Ahmedabad,2025-03-26 16:00:00
CUST00106,52,Female,Hyderabad,2024-08-02 20:00:00
CUST00107,52,Male,Hyderabad,2025-09-23 06:00:00
CUST00108,50,Female,Kolkata,2025-07-20 23:00:00
CUST00109,22,Female,Ahmedabad,2024-01-27 16:00:00
CUST00110,59,Female,Delhi,2025-09-21 06:00:00
CUST00111,56,Female,Chennai,2024-08-18 12:00:00
CUST00112,58,Male,Hyderabad,2025-07-18 04:00:00
CUST00113,45,Male,Kolkata,2024-11-16 16:00:00
CUST00114,24,Male,Chennai,2024-08-20 02:00:00
CUST00115,26,Female,Ahmedabad,2025-10-31 06:00:00
CUST00116,25,Male,Ahmedabad,2025-03-12 16:00:00
CUST00117,29,Male,Jaipur,2025-06-16 06:00:00
CUST00118,51,Male,Kolkata,2025-02-06 20:00:00
CUST00119,50,Female,Hyderabad,2024-02-22 00:00:00
CUST00120,40,Female,Delhi,2024-11-08 16:00:00
CUST00121,41,Male,Ahmedabad,2024-10-07 16:00:00
CUST00122,54,Male,Delhi,2025-12-26 10:00:00
CUST00123,52,Female,Ahmedabad,2024-01-31 02:00:00
CUST00124,61,Male,Hyderabad,2024-12-02 14:00:00
CUST00125,57,Male,Chennai,2024-07-01 20:00:00
CUST00126,39,Male,Bangalore,2024-01-23 10:00:00
CUST00127,44,Male,Chennai,2025-06-27 15:00:00
CUST00128,52,Male,Ahmedabad,2025-03-21 21:00:00
CUST00129,18,Female,Lucknow,2024-03-14 08:00:00
CUST00130,52,Male,Bangalore,2024-01-10 23:00:00
CUST00131,54,Female,Bangalore,2025-04-28 23:00:00
CUST00132,64,Male,Delhi,2025-03-31 00:00:00
CUST00133,31,Female,Kolkata,2025-07-19 21:00:00
CUST00134,20,Female,Delhi,2025-07-17 15:00:00
CUST00135,18,Male,Delhi,2025-10-21 08:00:00
CUST00136,22,Female,Lucknow,2024-06-08 18:00:00
CUST00137,43,Male,Chennai,2024-01-14 11:00:00
CUST00138,31,Other,Chennai,2024-06-26 18:00:00
CUST00139,56,Male,Pune,2025-02-15 21:00:00
CUST00140,44,Male,Ahmedabad,2024-02-22 08:00:00
CUST00141,26,Male,Lucknow,2025-02-11 06:00:00
CUST00142,32,Other,Pune,2024-01-22 13:00:00
CUST00143,32,Female,Hyderabad,2024-01-30 18:00:00
CUST00144,43,Female,Ahmedabad,2025-12-03 18:00:00
CUST00145,59,Male,Ahmedabad,2024-09-16 01:00:00
CUST00146,30,Female,Jaipur,2024-07-23 08:00:00
CUST00147,49,Male,Jaipur,2024-02-28 12:00:00
CUST00148,56,Female,Mumbai,2025-04-15 14:00:00
CUST00149,49,Male,Mumbai,2025-04-10 02:00:00
CUST00150,21,Male,Delhi,2024-01-12 10:00:00
CUST00151,47,Male,Hyderabad,2025-09-22 20:00:00
CUST00152,54,Male,Bangalore,2024-10-16 13:00:00
CUST00153,40,Female,Bangalore,2024-12-19 07:00:00
CUST00154,56,Male,Jaipur,2025-09-30 17:00:00
CUST00155,62,Female,Jaipur,2024-03-15 18:00:00
CUST00156,32,Male,Jaipur,2025-12-16 15:00:00
CUST00157,60,Female,Lucknow,2025-07-14 01:00:00
CUST00158,46,Male,Kolkata,2025-08-13 07:00:00
CUST00159,53,Male,Mumbai,2025-03-16 21:00:00
CUST00160,30,Female,Lucknow,2024-08-28 05:00:00
CUST00161,49,Male,Chennai,2024-06-02 11:00:00
CUST00162,24,Male,Bangalore,2024-04-05 14:00:00
CUST00163,39,Female,Ahmedabad,2025-12-26 07:00:00
CUST00164,45,Female,Mumbai,2024-10-20 03:00:00
CUST00165,19,Male,Pune,2024-07-27 14:00:00
CUST00166,59,Male,Chennai,2024-12-08 19:00:00
CUST00167,62,Female,Mumbai,2024-03-28 16:00:00
CUST00168,23,Male,Lucknow,2025-01-24 12:00:00
CUST00169,45,Male,Hyderabad,2024-11-20 17:00:00
CUST00170,45,Male,Ahmedabad,2024-06-05 01:00:00
CUST00171,61,Female,Mumbai,2025-10-29 12:00:00
CUST00172,61,Female,Kolkata,2025-10-12 12:00:00
CUST00173,37,Male,Jaipur,2025-09-24 21:00:00
CUST00174,47,Male,Jaipur,2025-07-30 14:00:00
CUST00175,28,Male,Ahmedabad,2025-09-10 19:00:00
CUST00176,45,Female,Lucknow,2025-10-20 09:00:00
CUST00177,42,Male,Jaipur,2024-05-16 02:00:00
CUST00178,56,Male,Mumbai,2025-11-04 18:00:00
CUST00179,50,Female,Pune,2025-03-03 02:00:00
CUST00180,18,Male,Bangalore,2025-03-27 21:00:00
CUST00181,44,Female,Bangalore,2025-09-03 13:00:00
CUST00182,30,Male,Chennai,2024-05-20 07:00:00
CUST00183,58,Male,Delhi,2024-03-23 22:00:00
CUST00184,20,Male,Hyderabad,2024-06-25 03:00:00
CUST00185,56,Female,Ahmedabad,2024-07-16 19:00:00
CUST00186,23,Female,Chennai,2025-09-15 10:00:00
CUST00187,25,Female,Delhi,2025-07-21 10:00:00
CUST00188,44,Male,Lucknow,2025-11-21 10:00:00
CUST00189,26,Female,Kolkata,2025-02-24 01:00:00
CUST00190,54,Male,Kolkata,2025-02-04 16:00:00
CUST00191,50,Male,Hyderabad,2025-11-28 08:00:00
CUST00192,59,Female,Jaipur,2025-04-15 01:00:00
CUST00193,61,Male,Mumbai,2024-08-05 23:00:00
CUST00194,41,Male,Chennai,2025-12-29 14:00:00
CUST00195,32,Male,Chennai,2025-09-23 15:00:00
CUST00196,49,Male,Ahmedabad,2024-06-23 03:00:00
CUST00197,49,Male,Ahmedabad,2024-01-23 07:00:00
CUST00198,41,Female,Kolkata,2025-12-25 08:00:00
CUST00199,58,Male,Kolkata,2024-08-22 04:00:00
CUST00200,29,Female,Pune,2024-01-13 15:00:00
CUST00201,56,Female,Pune,2024-04-10 12:00:00
CUST00202,19,Male,Jaipur,2025-06-19 06:00:00
CUST00203,20,Male,Pune,2025-06-06 19:00:00
CUST00204,54,Male,Mumbai,2025-03-27 16:00:00
CUST00205,34,Female,Mumbai,2025-03-06 02:00:00
CUST00206,19,Male,Chennai,2025-08-28 04:00:00
CUST00207,19,Female,Bangalore,2025-12-13 18:00:00
CUST00208,45,Male,Mumbai,2025-06-16 11:00:00
CUST00209,40,Female,Delhi,2025-12-23 06:00:00
CUST00210,54,Male,Kolkata,2025-10-13 08:00:00
CUST00211,49,Male,Ahmedabad,2024-10-19 05:00:00
CUST00212,50,Female,Pune,2024-04-10 16:00:00
CUST00213,18,Female,Chennai,2025-05-16 15:00:00
CUST00214,36,Male,Hyderabad,2024-10-30 22:00:00
CUST00215,19,Female,Ahmedabad,2025-06-23 02:00:00
CUST00216,61,Female,Delhi,2025-07-06 20:00:00
CUST00217,43,Female,Pune,2024-12-20 03:00:00
CUST00218,49,Female,Delhi,2024-10-29 09:00:00
CUST00219,23,Male,Kolkata,2025-05-10 04:00:00
CUST00220,49,Male,Kolkata,2025-10-19 20:00:00
CUST00221,21,Male,Jaipur,2024-08-14 21:00:00
CUST00222,28,Female,Chennai,2024-08-23 09:00:00
CUST00223,34,Female,Ahmedabad,2025-03-30 11:00:00
CUST00224,55,Male,Lucknow,2024-01-13 09:00:00
CUST00225,41,Male,Lucknow,2024-07-28 12:00:00
CUST00226,22,Female,Ahmedabad,2025-01-31 10:00:00
CUST00227,51,Other,Hyderabad,2024-04-09 21:00:00
CUST00228,23,Female,Chennai,2024-01-31 15:00:00
CUST00229,39,Male,Delhi,2025-06-11 07:00:00
CUST00230,28,Male,Hyderabad,2025-10-10 07:00:00
CUST00231,33,Male,Bangalore,2024-11-24 07:00:00
CUST00232,50,Female,Ahmedabad,2024-06-14 12:00:00
CUST00233,26,Male,Delhi,2025-04-03 01:00:00
CUST00234,23,Female,Lucknow,2024-04-09 11:00:00
CUST00235,33,Male,Mumbai,2025-09-12 09:00:00
CUST00236,46,Female,Jaipur,2024-06-21 11:00:00
CUST00237,20,Female,Lucknow,2024-06-10 10:00:00
CUST00238,37,Female,Chennai,2025-12-28 14:00:00
CUST00239,53,Male,Kolkata,2024-09-19 15:00:00
CUST00240,36,Male,Mumbai,2024-09-30 16:00:00
CUST00241,43,Male,Jaipur,2024-01-03 01:00:00
CUST00242,20,Female,Jaipur,2024-01-28 17:00:00
CUST00243,36,Female,Bangalore,2024-11-21 11:00:00
CUST00244,37,Female,Bangalore,2024-05-28 18:00:00
CUST00245,49,Female,Pune,2025-06-23 22:00:00
CUST00246,24,Female,Lucknow,2025-05-02 17:00:00
CUST00247,58,Male,Lucknow,2025-03-13 16:00:00
CUST00248,50,Female,Lucknow,2024-03-05 05:00:00
CUST00249,57,Male,Pune,2024-12-21 14:00:00
CUST00250,56,Male,Hyderabad,2025-06-16 02:00:00
CUST00251,35,Female,Jaipur,2024-09-08 05:00:00
CUST00252,57,Male,Mumbai,2024-08-22 02:00:00
CUST00253,18,Male,Chennai,2024-08-14 00:00:00
CUST00254,28,Female,Jaipur,2025-06-08 12:00:00
CUST00255,45,Male,Bangalore,2024-11-08 20:00:00
CUST00256,42,Female,Delhi,2024-02-18 13:00:00
CUST00257,40,Male,Kolkata,2024-04-27 12:00:00
CUST00258,48,Male,Pune,2024-02-23 03:00:00
CUST00259,47,Male,Ahmedabad,2025-10-11 06:00:00
CUST00260,59,Male,Delhi,2025-07-18 21:00:00
CUST00261,52,Female,Chennai,2024-02-13 09:00:00
CUST00262,24,Male,Lucknow,2024-02-22 06:00:00
CUST00263,33,Female,Bangalore,2025-08-08 20:00:00
CUST00264,43,Male,Bangalore,2025-07-11 14:00:00
CUST00265,19,Female,Bangalore,2025-06-08 14:00:00
CUST00266,18,Female,Lucknow,2025-11-07 03:00:00
CUST00267,29,Female,Ahmedabad,2024-04-11 22:00:00
CUST00268,22,Male,Pune,2025-02-01 22:00:00
CUST00269,54,Male,Delhi,2024-05-17 05:00:00
CUST00270,49,Male,Lucknow,2025-11-05 23:00:00
CUST00271,26,Female,Chennai,2025-01-21 19:00:00
CUST00272,58,Male,Pune,2024-04-20 04:00:00
CUST00273,52,Female,Chennai,2025-09-05 19:00:00
CUST00274,36,Female,Pune,2024-01-17 11:00:00
CUST00275,33,Male,Ahmedabad,2024-06-30 00:00:00
CUST00276,20,Female,Kolkata,2025-06-19 07:00:00
CUST00277,37,Male,Chennai,2025-06-24 00:00:00
CUST00278,41,Male,Lucknow,2024-06-19 04:00:00
CUST00279,50,Female,Pune,2025-02-12 21:00:00
CUST00280,41,Female,Bangalore,2025-01-12 05:00:00
CUST00281,28,Female,Jaipur,2024-07-06 20:00:00
CUST00282,25,Male,Bangalore,2024-08-17 02:00:00
CUST00283,53,Male,Hyderabad,2024-04-28 14:00:00
CUST00284,55,Female,Kolkata,2024-06-04 04:00:00
CUST00285,57,Female,Kolkata,2025-11-17 23:00:00
CUST00286,37,Female,Bangalore,2025-04-09 13:00:00
CUST00287,52,Male,Delhi,2024-04-13 17:00:00
CUST00288,42,Female,Ahmedabad,2025-08-26 15:00:00
CUST00289,52,Male,Chennai,2025-11-28 05:00:00
CUST00290,42,Male,Lucknow,2025-05-16 23:00:00
CUST00291,46,Female,Kolkata,2025-11-23 13:00:00
CUST00292,35,Male,Bangalore,2025-11-12 23:00:00
CUST00293,63,Female,Bangalore,2025-11-29 07:00:00
CUST00294,35,Male,Ahmedabad,2024-06-23 06:00:00
CUST00295,19,Male,Ahmedabad,2025-11-04 07:00:00
CUST00296,52,Female,Mumbai,2025-02-24 12:00:00
CUST00297,33,Female,Mumbai,2024-05-13 05:00:00
CUST00298,58,Female,Delhi,2025-01-25 17:00:00
CUST00299,53,Female,Delhi,2025-05-15 01:00:00
CUST00300,50,Female,Hyderabad,2025-10-26 07:00:00
CUST00301,21,Female,Delhi,2024-02-02 10:00:00
CUST00302,50,Female,Pune,2024-02-24 00:00:00
CUST00303,31,Male,Ahmedabad,2025-06-02 21:00:00
CUST00304,38,Female,Lucknow,2025-09-29 05:00:00
CUST00305,37,Male,Pune,2024-01-12 15:00:00
CUST00306,25,Other,Chennai,2025-06-11 19:00:00
CUST00307,24,Female,Bangalore,2025-12-20 11:00:00
CUST00308,20,Male,Delhi,2025-07-08 10:00:00
CUST00309,34,Female,Bangalore,2025-01-07 09:00:00
CUST00310,50,Female,Kolkata,2025-04-28 02:00:00
CUST00311,29,Male,Hyderabad,2025-10-08 12:00:00
CUST00312,39,Female,Kolkata,2024-08-15 02:00:00
CUST00313,39,Female,Hyderabad,2025-09-14 14:00:00
CUST00314,63,Male,Mumbai,2024-11-02 15:00:00
CUST00315,47,Female,Bangalore,2025-04-01 12:00:00
CUST00316,55,Male,Hyderabad,2024-06-08 16:00:00
CUST00317,55,Female,Jaipur,2024-11-26 02:00:00
CUST00318,62,Other,Pune,2024-08-12 19:00:00
CUST00319,25,Female,Hyderabad,2025-12-29 10:00:00
CUST00320,44,Male,Hyderabad,2025-05-18 20:00:00
CUST00321,44,Female,Pune,2025-03-31 18:00:00
CUST00322,51,Female,Bangalore,2024-02-14 21:00:00
CUST00323,38,Male,Bangalore,2024-08-01 10:00:00
CUST00324,47,Female,Pune,2024-02-28 15:00:00
CUST00325,50,Male,Kolkata,2025-10-05 20:00:00
CUST00326,45,Female,Jaipur,2025-09-07 02:00:00
CUST00327,64,Male,Lucknow,2024-07-13 21:00:00
CUST00328,50,Male,Chennai,2025-05-03 05:00:00
CUST00329,22,Male,Jaipur,2024-06-05 13:00:00
CUST00330,36,Female,Bangalore,2025-09-01 23:00:00
CUST00331,21,Male,Lucknow,2024-08-13 17:00:00
CUST00332,52,Female,Mumbai,2025-02-15 16:00:00
CUST00333,34,Male,Delhi,2024-07-23 03:00:00
CUST00334,61,Male,Hyderabad,2024-03-19 22:00:00
CUST00335,45,Female,Pune,2024-05-03 14:00:00
CUST00336,47,Female,Pune,2025-04-15 10:00:00
CUST00337,46,Male,Hyderabad,2024-08-05 02:00:00
CUST00338,63,Female,Delhi,2025-05-30 02:00:00
CUST00339,23,Female,Chennai,2025-08-24 15:00:00
CUST00340,52,Female,Delhi,2024-04-13 04:00:00
CUST00341,58,Male,Lucknow,2025-01-27 20:00:00
CUST00342,54,Male,Delhi,2025-09-22 09:00:00
CUST00343,41,Female,Lucknow,2025-10-06 18:00:00
CUST00344,46,Male,Delhi,2025-08-30 03:00:00
CUST00345,63,Female,Chennai,2025-03-09 18:00:00
CUST00346,48,Female,Chennai,2024-11-26 10:00:00
CUST00347,52,Female,Bangalore,2024-05-22 01:00:00
CUST00348,50,Female,Hyderabad,2025-06-23 09:00:00
CUST00349,38,Other,Chennai,2024-10-04 10:00:00
CUST00350,49,Male,Lucknow,2024-08-20 19:00:00
CUST00351,40,Female,Chennai,2025-06-12 15:00:00
CUST00352,50,Male,Bangalore,2025-07-24 18:00:00
CUST00353,20,Male,Pune,2024-03-30 22:00:00
CUST00354,35,Female,Lucknow,2025-05-06 23:00:00
CUST00355,42,Female,Bangalore,2024-07-17 10:00:00
CUST00356,59,Other,Kolkata,2024-12-27 13:00:00
CUST00357,48,Female,Kolkata,2025-03-16 01:00:00
CUST00358,20,Male,Mumbai,2024-01-26 22:00:00
CUST00359,57,Male,Delhi,2024-01-25 04:00:00
CUST00360,63,Female,Hyderabad,2025-01-28 04:00:00
CUST00361,41,Male,Ahmedabad,2025-05-21 18:00:00
CUST00362,49,Male,Jaipur,2024-10-27 20:00:00
CUST00363,64,Male,Bangalore,2024-12-04 11:00:00
CUST00364,39,Male,Pune,2024-09-23 17:00:00
CUST00365,40,Male,Jaipur,2025-04-05 03:00:00
CUST00366,19,Male,Pune,2025-11-23 21:00:00
CUST00367,44,Male,Jaipur,2025-03-31 16:00:00
CUST00368,59,Male,Bangalore,2024-12-25 09:00:00
CUST00369,19,Other,Ahmedabad,2024-03-08 19:00:00
CUST00370,43,Male,Jaipur,2025-02-15 05:00:00
CUST00371,34,Male,Bangalore,2025-05-05 13:00:00
CUST00372,57,Female,Chennai,2024-02-18 10:00:00
CUST00373,50,Male,Ahmedabad,2025-11-17 10:00:00
CUST00374,26,Female,Lucknow,2025-07-17 17:00:00
CUST00375,60,Female,Pune,2024-04-11 22:00:00
CUST00376,56,Male,Kolkata,2024-08-03 21:00:00
CUST00377,46,Male,Delhi,2025-03-13 17:00:00
CUST00378,59,Female,Kolkata,2025-11-30 23:00:00
CUST00379,43,Female,Ahmedabad,2025-07-22 22:00:00
CUST00380,52,Male,Lucknow,2025-07-12 10:00:00
CUST00381,42,Female,Pune,2024-06-07 20:00:00
CUST00382,41,Male,Lucknow,2025-05-03 11:00:00
CUST00383,30,Other,Jaipur,2025-11-16 04:00:00
CUST00384,24,Male,Pune,2024-08-29 22:00:00
CUST00385,53,Female,Jaipur,2024-01-05 08:00:00
CUST00386,62,Female,Bangalore,2025-08-18 08:00:00
CUST00387,37,Female,Ahmedabad,2024-12-26 21:00:00
CUST00388,18,Female,Bangalore,2025-04-03 09:00:00
CUST00389,25,Male,Mumbai,2024-09-04 21:00:00
CUST00390,63,Male,Lucknow,2025-07-19 18:00:00
CUST00391,33,Male,Jaipur,2025-11-03 00:00:00
CUST00392,31,Male,Chennai,2025-02-25 06:00:00
CUST00393,29,Female,Bangalore,2024-01-15 03:00:00
CUST00394,40,Male,Mumbai,2025-07-26 00:00:00
CUST00395,32,Male,Hyderabad,2024-05-01 14:00:00
CUST00396,45,Other,Kolkata,2024-10-03 07:00:00
CUST00397,51,Female,Pune,2025-07-11 11:00:00
CUST00398,19,Female,Mumbai,2025-03-28 21:00:00
CUST00399,49,Other,Ahmedabad,2025-01-24 21:00:00
CUST00400,40,Male,Bangalore,2024-10-20 17:00:00
CUST00401,39,Male,Ahmedabad,2025-07-27 14:00:00
CUST00402,42,Female,Kolkata,2025-08-20 16:00:00
CUST00403,39,Female,Chennai,2025-03-21 13:00:00
CUST00404,39,Male,Lucknow,2024-07-28 13:00:00
CUST00405,59,Female,Lucknow,2025-08-12 17:00:00
CUST00406,23,Male,Ahmedabad,2025-12-14 19:00:00
CUST00407,32,Male,Jaipur,2024-10-28 17:00:00
CUST00408,60,Female,Chennai,2024-08-10 15:00:00
CUST00409,54,Female,Lucknow,2024-01-03 00:00:00
CUST00410,50,Female,Chennai,2025-06-01 22:00:00
CUST00411,25,Male,Mumbai,2024-04-02 10:00:00
CUST00412,61,Female,Chennai,2025-06-03 14:00:00
CUST00413,61,Male,Delhi,2025-03-03 11:00:00
CUST00414,22,Male,Kolkata,2025-05-07 07:00:00
CUST00415,56,Female,Lucknow,2024-08-22 21:00:00
CUST00416,21,Female,Chennai,2025-09-11 19:00:00
CUST00417,23,Female,Ahmedabad,2024-06-09 05:00:00
CUST00418,62,Female,Hyderabad,2025-12-21 02:00:00
CUST00419,49,Female,Delhi,2024-11-26 23:00:00
CUST00420,47,Female,Delhi,2024-11-28 12:00:00
CUST00421,64,Male,Jaipur,2024-02-19 12:00:00
CUST00422,52,Male,Chennai,2025-06-06 01:00:00
CUST00423,57,Male,Jaipur,2025-10-29 04:00:00
CUST00424,33,Male,Jaipur,2025-05-06 16:00:00
CUST00425,30,Female,Hyderabad,2025-08-04 05:00:00
CUST00426,59,Female,Mumbai,2025-11-11 01:00:00
CUST00427,47,Male,Chennai,2024-09-28 03:00:00
CUST00428,36,Male,Bangalore,2025-08-02 21:00:00
CUST00429,34,Female,Lucknow,2024-09-08 10:00:00
CUST00430,36,Male,Jaipur,2025-07-13 07:00:00
CUST00431,45,Female,Kolkata,2025-11-26 11:00:00
CUST00432,43,Female,Pune,2025-11-29 07:00:00
CUST00433,54,Female,Kolkata,2024-03-30 10:00:00
CUST00434,43,Female,Hyderabad,2025-03-21 21:00:00
CUST00435,40,Female,Hyderabad,2024-11-27 19:00:00
CUST00436,26,Male,Ahmedabad,2024-05-18 07:00:00
CUST00437,29,Female,Mumbai,2024-12-22 07:00:00
CUST00438,18,Female,Lucknow,2025-08-23 16:00:00
CUST00439,18,Male,Jaipur,2024-09-30 19:00:00
CUST00440,64,Female,Kolkata,2024-01-19 19:00:00
CUST00441,51,Female,Pune,2024-11-06 22:00:00
CUST00442,49,Female,Hyderabad,2024-06-02 15:00:00
CUST00443,42,Female,Hyderabad,2025-01-24 13:00:00
CUST00444,57,Female,Mumbai,2024-09-16 10:00:00
CUST00445,62,Female,Pune,2025-09-11 06:00:00
CUST00446,18,Female,Pune,2025-07-24 15:00:00
CUST00447,33,Female,Mumbai,2024-05-04 12:00:00
CUST00448,56,Female,Hyderabad,2024-12-19 14:00:00
CUST00449,22,Female,Lucknow,2024-09-29 23:00:00
CUST00450,39,Female,Chennai,2025-09-10 15:00:00
CUST00451,46,Male,Chennai,2024-09-01 20:00:00
CUST00452,20,Female,Mumbai,2025-03-25 22:00:00
CUST00453,29,Female,Pune,2024-09-03 23:00:00
CUST00454,43,Male,Jaipur,2025-06-03 08:00:00
CUST00455,33,Female,Mumbai,2024-05-20 02:00:00
CUST00456,54,Male,Lucknow,2024-12-27 18:00:00
CUST00457,39,Male,Mumbai,2024-01-08 19:00:00
CUST00458,46,Female,Delhi,2025-04-22 04:00:00
CUST00459,31,Male,Kolkata,2024-12-17 09:00:00
CUST00460,45,Female,Pune,2025-05-09 16:00:00
CUST00461,22,Female,Ahmedabad,2025-08-28 14:00:00
CUST00462,64,Female,Ahmedabad,2025-03-02 22:00:00
CUST00463,47,Male,Pune,2024-02-08 07:00:00
CUST00464,63,Male,Lucknow,2025-08-15 14:00:00
CUST00465,22,Female,Delhi,2024-07-05 20:00:00
CUST00466,29,Other,Delhi,2025-08-18 13:00:00
CUST00467,33,Female,Hyderabad,2025-08-22 19:00:00
CUST00468,43,Male,Kolkata,2024-04-02 06:00:00
CUST00469,43,Female,Chennai,2024-03-26 20:00:00
CUST00470,38,Female,Bangalore,2024-02-13 22:00:00
CUST00471,56,Female,Lucknow,2024-05-16 11:00:00
CUST00472,53,Male,Bangalore,2025-02-24 16:00:00
CUST00473,50,Female,Bangalore,2024-03-14 16:00:00
CUST00474,47,Female,Pune,2025-07-01 09:00:00
CUST00475,54,Other,Ahmedabad,2025-09-04 18:00:00
CUST00476,40,Male,Ahmedabad,2025-05-26 13:00:00
CUST00477,27,Female,Chennai,2024-06-04 10:00:00
CUST00478,22,Female,Pune,2024-09-11 01:00:00
CUST00479,53,Male,Bangalore,2024-06-19 17:00:00
CUST00480,51,Female,Jaipur,2025-12-28 06:00:00
CUST00481,48,Female,Ahmedabad,2024-06-18 11:00:00
CUST00482,27,Male,Lucknow,2024-11-17 01:00:00
CUST00483,36,Male,Lucknow,2025-07-20 19:00:00
CUST00484,49,Female,Hyderabad,2025-03-31 17:00:00
CUST00485,18,Male,Mumbai,2025-08-25 05:00:00
CUST00486,22,Female,Jaipur,2025-09-04 23:00:00
CUST00487,62,Male,Ahmedabad,2024-06-03 09:00:00
CUST00488,21,Female,Delhi,2024-12-14 19:00:00
CUST00489,33,Male,Ahmedabad,2025-03-26 14:00:00
CUST00490,41,Female,Hyderabad,2025-10-14 04:00:00
CUST00491,33,Other,Lucknow,2024-06-21 19:00:00
CUST00492,19,Other,Bangalore,2024-01-10 02:00:00
CUST00493,45,Female,Delhi,2024-09-21 04:00:00
CUST00494,49,Male,Pune,2025-03-13 07:00:00
CUST00495,44,Female,Kolkata,2024-09-03 07:00:00
CUST00496,37,Male,Bangalore,2025-10-28 07:00:00
CUST00497,41,Male,Kolkata,2025-06-29 11:00:00
CUST00498,29,Male,Jaipur,2025-05-13 23:00:00
CUST00499,52,Female,Mumbai,2024-05-08 22:00:00
CUST00500,50,Female,Delhi,2025-11-02 07:00:00
CUST00501,50,Female,Chennai,2025-08-23 10:00:00
CUST00502,60,Male,Delhi,2025-08-27 13:00:00
CUST00503,54,Male,Ahmedabad,2024-11-22 07:00:00
CUST00504,29,Other,Lucknow,2025-02-07 23:00:00
CUST00505,20,Male,Ahmedabad,2025-09-20 09:00:00
CUST00506,18,Male,Ahmedabad,2025-08-28 06:00:00
CUST00507,50,Male,Jaipur,2025-11-05 16:00:00
CUST00508,57,Female,Bangalore,2025-09-02 03:00:00
CUST00509,27,Female,Chennai,2025-09-16 12:00:00
CUST00510,60,Male,Chennai,2024-12-24 03:00:00
CUST00511,61,Male,Ahmedabad,2025-08-25 04:00:00
CUST00512,46,Female,Kolkata,2025-12-18 21:00:00
CUST00513,30,Female,Jaipur,2024-01-17 03:00:00
CUST00514,29,Male,Ahmedabad,2024-09-30 17:00:00
CUST00515,48,Female,Mumbai,2025-11-15 05:00:00
CUST00516,63,Male,Lucknow,2024-04-25 23:00:00
CUST00517,19,Male,Bangalore,2025-11-23 23:00:00
CUST00518,52,Female,Pune,2024-03-31 22:00:00
CUST00519,40,Male,Mumbai,2024-03-22 21:00:00
CUST00520,34,Female,Kolkata,2024-11-19 01:00:00
CUST00521,43,Male,Delhi,2024-04-23 22:00:00
CUST00522,25,Male,Delhi,2024-02-27 10:00:00
CUST00523,46,Other,Mumbai,2024-06-02 13:00:00
CUST00524,43,Male,Ahmedabad,2025-02-07 04:00:00
CUST00525,27,Female,Pune,2025-09-19 05:00:00
CUST00526,43,Male,Hyderabad,2024-09-22 09:00:00
CUST00527,51,Male,Hyderabad,2024-11-10 07:00:00
CUST00528,58,Male,Kolkata,2025-12-15 13:00:00
CUST00529,24,Female,Ahmedabad,2024-02-10 23:00:00
CUST00530,21,Male,Chennai,2024-04-14 02:00:00
CUST00531,62,Female,Chennai,2024-07-11 11:00:00
CUST00532,28,Male,Bangalore,2025-02-04 15:00:00
CUST00533,46,Other,Pune,2024-10-04 22:00:00
CUST00534,53,Male,Pune,2024-12-19 16:00:00
CUST00535,42,Female,Delhi,2025-08-02 00:00:00
CUST00536,38,Female,Jaipur,2025-12-09 22:00:00
CUST00537,53,Female,Kolkata,2024-09-12 09:00:00
CUST00538,27,Female,Hyderabad,2025-10-12 22:00:00
CUST00539,54,Female,Kolkata,2025-10-22 09:00:00
CUST00540,26,Female,Chennai,2024-04-08 20:00:00
CUST00541,41,Male,Chennai,2025-08-10 23:00:00
CUST00542,52,Male,Mumbai,2024-10-08 01:00:00
CUST00543,52,Female,Bangalore,2025-02-06 08:00:00
CUST00544,53,Female,Pune,2024-04-18 21:00:00
CUST00545,35,Female,Lucknow,2025-11-30 12:00:00
CUST00546,56,Female,Kolkata,2024-07-17 15:00:00
CUST00547,49,Male,Chennai,2024-10-29 17:00:00
CUST00548,41,Male,Jaipur,2024-11-22 18:00:00
CUST00549,40,Female,Delhi,2024-06-02 11:00:00
CUST00550,49,Male,Hyderabad,2025-07-05 07:00:00
CUST00551,54,Male,Bangalore,2025-10-06 16:00:00
CUST00552,29,Female,Jaipur,2025-02-08 14:00:00
CUST00553,30,Male,Bangalore,2025-04-06 09:00:00
CUST00554,40,Female,Mumbai,2024-05-11 14:00:00
CUST00555,42,Male,Lucknow,2024-03-24 14:00:00
CUST00556,52,Female,Chennai,2025-02-02 22:00:00
CUST00557,58,Male,Delhi,2025-09-19 06:00:00
CUST00558,47,Male,Jaipur,2024-04-18 12:00:00
CUST00559,34,Male,Bangalore,2024-08-08 16:00:00
CUST00560,37,Male,Pune,2025-07-06 08:00:00
CUST00561,42,Male,Mumbai,2025-01-02 07:00:00
CUST00562,39,Male,Pune,2024-05-26 19:00:00
CUST00563,30,Female,Delhi,2024-04-21 20:00:00
CUST00564,36,Male,Jaipur,2025-09-06 17:00:00
CUST00565,53,Female,Mumbai,2025-07-11 12:00:00
CUST00566,29,Female,Jaipur,2025-05-08 15:00:00
CUST00567,58,Female,Chennai,2025-05-19 08:00:00
CUST00568,36,Male,Ahmedabad,2025-04-19 11:00:00
CUST00569,29,Female,Mumbai,2024-09-27 11:00:00
CUST00570,26,Male,Pune,2025-02-24 05:00:00
CUST00571,24,Male,Delhi,2025-12-07 18:00:00
CUST00572,45,Other,Lucknow,2025-01-01 06:00:00
CUST00573,31,Male,Chennai,2024-10-06 02:00:00
CUST00574,48,Female,Ahmedabad,2024-10-09 15:00:00
CUST00575,36,Female,Lucknow,2024-02-09 17:00:00
CUST00576,64,Female,Hyderabad,2024-07-07 15:00:00
CUST00577,33,Female,Chennai,2024-06-12 22:00:00
CUST00578,22,Male,Delhi,2025-06-19 06:00:00
CUST00579,52,Male,Bangalore,2025-06-19 03:00:00
CUST00580,29,Female,Mumbai,2024-01-04 07:00:00
CUST00581,42,Male,Jaipur,2024-10-16 12:00:00
CUST00582,38,Male,Delhi,2025-03-08 12:00:00
CUST00583,53,Male,Mumbai,2025-04-15 16:00:00
CUST00584,40,Male,Lucknow,2024-06-29 16:00:00
CUST00585,33,Male,Jaipur,2024-09-04 04:00:00
CUST00586,56,Male,Kolkata,2025-09-19 05:00:00
CUST00587,62,Female,Pune,2024-10-05 18:00:00
CUST00588,59,Female,Hyderabad,2025-08-03 12:00:00
CUST00589,56,Female,Chennai,2024-09-10 13:00:00
CUST00590,31,Male,Delhi,2024-06-29 21:00:00
CUST00591,48,Male,Hyderabad,2025-11-11 03:00:00
CUST00592,22,Male,Bangalore,2025-05-23 06:00:00
CUST00593,52,Female,Mumbai,2025-11-30 07:00:00
CUST00594,40,Female,Mumbai,2025-07-19 12:00:00
CUST00595,46,Male,Delhi,2024-11-21 05:00:00
CUST00596,60,Female,Ahmedabad,2024-12-22 05:00:00
CUST00597,28,Male,Ahmedabad,2025-10-11 23:00:00
CUST00598,35,Female,Kolkata,2025-11-10 20:00:00
CUST00599,64,Female,Pune,2025-01-25 02:00:00
CUST00600,29,Female,Jaipur,2025-09-06 02:00:00
CUST00601,26,Female,Bangalore,2024-03-25 12:00:00
CUST00602,27,Female,Hyderabad,2024-11-12 21:00:00
CUST00603,61,Male,Ahmedabad,2024-07-30 01:00:00
CUST00604,34,Female,Kolkata,2025-05-29 15:00:00
CUST00605,55,Male,Kolkata,2025-01-18 21:00:00
CUST00606,24,Female,Delhi,2025-11-21 05:00:00
CUST00607,63,Female,Bangalore,2024-12-07 07:00:00
CUST00608,30,Female,Lucknow,2024-02-07 22:00:00
CUST00609,57,Male,Jaipur,2025-05-25 07:00:00
CUST00610,59,Female,Pune,2025-02-23 05:00:00
CUST00611,26,Female,Chennai,2024-06-17 13:00:00
CUST00612,44,Female,Delhi,2024-12-08 02:00:00
CUST00613,19,Male,Jaipur,2024-11-01 09:00:00
CUST00614,22,Male,Chennai,2025-06-25 02:00:00
CUST00615,46,Male,Chennai,2025-12-02 11:00:00
CUST00616,54,Male,Bangalore,2025-06-20 16:00:00
CUST00617,55,Female,Bangalore,2024-04-21 04:00:00
CUST00618,36,Male,Hyderabad,2025-02-14 19:00:00
CUST00619,25,Other,Kolkata,2024-07-24 08:00:00
CUST00620,62,Male,Jaipur,2024-07-03 20:00:00
CUST00621,18,Male,Delhi,2025-01-16 19:00:00
CUST00622,39,Female,Mumbai,2025-05-10 06:00:00
CUST00623,34,Female,Delhi,2025-01-13 21:00:00
CUST00624,24,Female,Hyderabad,2024-02-16 03:00:00
CUST00625,42,Female,Pune,2025-07-04 12:00:00
CUST00626,62,Female,Kolkata,2025-06-11 12:00:00
CUST00627,21,Male,Mumbai,2025-05-18 09:00:00
CUST00628,53,Other,Ahmedabad,2024-01-22 17:00:00
CUST00629,23,Other,Pune,2024-07-31 16:00:00
CUST00630,48,Female,Bangalore,2024-11-05 19:00:00
CUST00631,36,Male,Chennai,2025-10-22 19:00:00
CUST00632,61,Female,Ahmedabad,2024-09-28 12:00:00
CUST00633,56,Male,Delhi,2025-07-24 16:00:00
CUST00634,44,Male,Delhi,2024-07-20 21:00:00
CUST00635,27,Male,Bangalore,2024-02-01 03:00:00
CUST00636,43,Male,Hyderabad,2025-03-18 00:00:00
CUST00637,36,Female,Jaipur,2024-06-10 00:00:00
CUST00638,56,Female,Ahmedabad,2024-09-10 14:00:00
CUST00639,20,Female,Ahmedabad,2025-06-04 12:00:00
CUST00640,62,Male,Lucknow,2025-10-12 16:00:00
CUST00641,30,Male,Pune,2025-04-24 23:00:00
CUST00642,45,Male,Kolkata,2024-01-10 07:00:00
CUST00643,37,Other,Pune,2025-12-26 17:00:00
CUST00644,45,Male,Jaipur,2025-05-19 12:00:00
CUST00645,25,Female,Delhi,2025-07-13 22:00:00
CUST00646,58,Female,Delhi,2025-03-11 13:00:00
CUST00647,56,Male,Delhi,2024-04-20 07:00:00
CUST00648,18,Female,Lucknow,2024-06-01 07:00:00
CUST00649,20,Female,Delhi,2025-09-26 14:00:00
CUST00650,30,Female,Jaipur,2024-04-11 12:00:00
CUST00651,45,Female,Bangalore,2024-07-09 06:00:00
CUST00652,42,Male,Kolkata,2025-12-29 04:00:00
CUST00653,50,Male,Jaipur,2025-07-16 16:00:00
CUST00654,55,Female,Kolkata,2024-03-21 15:00:00
CUST00655,23,Female,Jaipur,2025-05-03 22:00:00
CUST00656,61,Male,Delhi,2024-03-28 01:00:00
CUST00657,62,Female,Bangalore,2024-07-12 21:00:00
CUST00658,49,Female,Ahmedabad,2024-04-13 17:00:00
CUST00659,62,Female,Pune,2024-04-05 16:00:00
CUST00660,64,Male,Chennai,2025-02-26 06:00:00
CUST00661,38,Female,Bangalore,2024-07-16 12:00:00
CUST00662,33,Female,Ahmedabad,2024-01-01 17:00:00
CUST00663,38,Male,Hyderabad,2025-02-10 13:00:00
CUST00664,28,Male,Jaipur,2025-01-12 17:00:00
CUST00665,54,Other,Hyderabad,2024-06-15 12:00:00
CUST00666,53,Male,Ahmedabad,2025-05-23 10:00:00
CUST00667,52,Female,Bangalore,2025-09-29 20:00:00
CUST00668,36,Female,Jaipur,2024-11-08 20:00:00
CUST00669,37,Male,Chennai,2025-08-15 15:00:00
CUST00670,35,Female,Delhi,2025-02-21 22:00:00
CUST00671,64,Male,Jaipur,2025-11-11 16:00:00
CUST00672,58,Female,Jaipur,2025-04-21 07:00:00
CUST00673,31,Male,Bangalore,2024-03-13 18:00:00
CUST00674,32,Female,Bangalore,2024-05-20 19:00:00
CUST00675,48,Male,Ahmedabad,2025-08-04 14:00:00
CUST00676,18,Male,Mumbai,2024-09-18 08:00:00
CUST00677,20,Other,Jaipur,2024-12-05 19:00:00
CUST00678,33,Male,Pune,2024-11-03 09:00:00
CUST00679,40,Female,Jaipur,2024-09-01 11:00:00
CUST00680,28,Male,Ahmedabad,2025-05-29 20:00:00
CUST00681,29,Female,Kolkata,2024-12-02 22:00:00
CUST00682,27,Male,Hyderabad,2025-07-28 19:00:00
CUST00683,49,Other,Delhi,2025-07-14 00:00:00
CUST00684,33,Male,Mumbai,2024-03-16 19:00:00
CUST00685,25,Male,Chennai,2024-06-23 08:00:00
CUST00686,55,Male,Chennai,2024-04-18 21:00:00
CUST00687,29,Male,Chennai,2024-07-01 14:00:00
CUST00688,41,Female,Bangalore,2024-07-10 00:00:00
CUST00689,45,Male,Chennai,2024-03-05 11:00:00
CUST00690,25,Female,Delhi,2025-04-18 02:00:00
CUST00691,45,Male,Hyderabad,2024-04-09 10:00:00
CUST00692,53,Male,Chennai,2025-06-27 01:00:00
CUST00693,43,Female,Jaipur,2024-05-07 15:00:00
CUST00694,25,Female,Jaipur,2025-03-27 08:00:00
CUST00695,45,Male,Bangalore,2025-01-03 14:00:00
CUST00696,45,Male,Delhi,2024-02-12 11:00:00
CUST00697,54,Male,Hyderabad,2025-02-22 00:00:00
CUST00698,58,Female,Mumbai,2025-05-02 12:00:00
CUST00699,53,Female,Ahmedabad,2024-03-18 13:00:00
CUST00700,44,Male,Hyderabad,2024-09-26 07:00:00
CUST00701,34,Female,Ahmedabad,2025-11-04 07:00:00
CUST00702,26,Female,Kolkata,2025-12-01 11:00:00
CUST00703,50,Female,Ahmedabad,2025-12-28 00:00:00
CUST00704,37,Female,Pune,2024-11-10 10:00:00
CUST00705,30,Male,Jaipur,2024-06-16 07:00:00
CUST00706,45,Male,Delhi,2024-12-04 09:00:00
CUST00707,46,Male,Lucknow,2024-07-11 18:00:00
CUST00708,30,Male,Bangalore,2025-03-28 10:00:00
CUST00709,63,Female,Pune,2024-10-09 06:00:00
CUST00710,52,Female,Ahmedabad,2024-12-01 10:00:00
CUST00711,23,Male,Chennai,2025-01-24 16:00:00
CUST00712,35,Male,Delhi,2025-06-08 00:00:00
CUST00713,22,Male,Pune,2024-08-27 20:00:00
CUST00714,64,Female,Bangalore,2025-04-27 20:00:00
CUST00715,42,Male,Jaipur,2025-10-20 07:00:00
CUST00716,19,Female,Delhi,2025-12-16 22:00:00
CUST00717,27,Male,Bangalore,2025-08-14 23:00:00
CUST00718,47,Male,Kolkata,2025-07-08 05:00:00
CUST00719,62,Other,Kolkata,2025-04-02 21:00:00
CUST00720,22,Other,Bangalore,2024-03-29 17:00:00
CUST00721,50,Male,Pune,2025-10-21 05:00:00
CUST00722,18,Female,Delhi,2024-04-04 04:00:00
CUST00723,35,Female,Pune,2025-03-27 12:00:00
CUST00724,49,Female,Mumbai,2025-03-03 18:00:00
CUST00725,64,Male,Ahmedabad,2024-05-30 21:00:00
CUST00726,28,Female,Mumbai,2025-05-28 07:00:00
CUST00727,38,Female,Kolkata,2025-01-10 08:00:00
CUST00728,43,Female,Jaipur,2024-01-22 16:00:00
CUST00729,42,Male,Hyderabad,2024-11-08 02:00:00
CUST00730,39,Male,Ahmedabad,2025-06-02 18:00:00
CUST00731,44,Male,Kolkata,2024-07-24 10:00:00
CUST00732,30,Female,Pune,2025-01-09 23:00:00
CUST00733,50,Male,Pune,2025-03-26 16:00:00
CUST00734,51,Female,Pune,2025-09-17 20:00:00
CUST00735,58,Other,Jaipur,2025-08-17 18:00:00
CUST00736,52,Male,Mumbai,2024-06-27 01:00:00
CUST00737,18,Female,Hyderabad,2024-07-28 07:00:00
CUST00738,38,Male,Pune,2025-05-14 18:00:00
CUST00739,23,Female,Lucknow,2025-04-08 06:00:00
CUST00740,45,Male,Ahmedabad,2024-05-03 16:00:00
CUST00741,34,Female,Delhi,2024-04-22 05:00:00
CUST00742,22,Female,Lucknow,2024-01-12 18:00:00
CUST00743,48,Female,Hyderabad,2024-05-05 23:00:00
CUST00744,22,Female,Jaipur,2025-07-18 05:00:00
CUST00745,55,Female,Hyderabad,2024-11-26 01:00:00
CUST00746,20,Female,Delhi,2024-10-09 05:00:00
CUST00747,40,Female,Ahmedabad,2024-05-19 22:00:00
CUST00748,54,Female,Delhi,2025-02-04 04:00:00
CUST00749,54,Male,Bangalore,2024-04-06 18:00:00
CUST00750,27,Female,Ahmedabad,2025-05-31 19:00:00
CUST00751,27,Female,Hyderabad,2025-07-22 03:00:00
CUST00752,36,Female,Pune,2024-03-09 21:00:00
CUST00753,34,Male,Hyderabad,2024-04-27 16:00:00
CUST00754,38,Female,Hyderabad,2024-02-28 10:00:00
CUST00755,31,Male,Ahmedabad,2024-02-02 03:00:00
CUST00756,26,Female,Bangalore,2024-11-13 12:00:00
CUST00757,63,Male,Hyderabad,2024-02-19 19:00:00
CUST00758,18,Female,Lucknow,2025-05-03 16:00:00
CUST00759,62,Other,Kolkata,2024-01-19 08:00:00
CUST00760,30,Male,Chennai,2025-12-26 03:00:00
CUST00761,21,Other,Chennai,2024-07-15 22:00:00
CUST00762,18,Male,Hyderabad,2025-03-25 13:00:00
CUST00763,57,Female,Lucknow,2025-07-12 18:00:00
CUST00764,49,Female,Pune,2025-11-09 02:00:00
CUST00765,51,Female,Jaipur,2025-03-27 13:00:00
CUST00766,45,Female,Jaipur,2024-10-15 07:00:00
CUST00767,48,Female,Ahmedabad,2024-05-20 23:00:00
CUST00768,25,Male,Chennai,2024-03-24 00:00:00
CUST00769,56,Male,Hyderabad,2025-11-24 09:00:00
CUST00770,43,Female,Jaipur,2025-01-25 17:00:00
CUST00771,51,Female,Hyderabad,2025-08-13 15:00:00
CUST00772,20,Female,Ahmedabad,2024-08-02 07:00:00
CUST00773,29,Female,Chennai,2025-06-09 00:00:00
CUST00774,18,Male,Delhi,2024-08-02 11:00:00
CUST00775,61,Female,Kolkata,2025-02-06 07:00:00
CUST00776,22,Male,Kolkata,2024-05-07 23:00:00
CUST00777,47,Female,Jaipur,2025-04-21 15:00:00
CUST00778,47,Male,Kolkata,2025-02-07 17:00:00
CUST00779,34,Male,Delhi,2024-01-29 03:00:00
CUST00780,64,Male,Hyderabad,2024-12-03 05:00:00
CUST00781,40,Male,Ahmedabad,2025-12-14 11:00:00
CUST00782,32,Female,Delhi,2024-12-26 08:00:00
CUST00783,54,Male,Ahmedabad,2025-07-22 14:00:00
CUST00784,38,Male,Ahmedabad,2025-01-26 15:00:00
CUST00785,31,Male,Chennai,2024-08-05 23:00:00
CUST00786,19,Male,Hyderabad,2025-07-27 11:00:00
CUST00787,28,Male,Lucknow,2025-10-30 23:00:00
CUST00788,56,Male,Kolkata,2024-07-20 22:00:00
CUST00789,55,Female,Lucknow,2024-01-17 13:00:00
CUST00790,51,Female,Chennai,2024-11-17 12:00:00
CUST00791,55,Female,Ahmedabad,2025-06-01 01:00:00
CUST00792,51,Male,Jaipur,2025-07-23 02:00:00
CUST00793,35,Male,Kolkata,2024-11-20 23:00:00
CUST00794,47,Female,Kolkata,2025-02-15 21:00:00
CUST00795,32,Female,Hyderabad,2024-11-13 09:00:00
CUST00796,44,Male,Bangalore,2025-11-11 08:00:00
CUST00797,51,Male,Mumbai,2024-03-22 19:00:00
CUST00798,55,Male,Mumbai,2025-04-18 07:00:00
CUST00799,50,Male,Mumbai,2025-04-12 09:00:00
CUST00800,41,Male,Bangalore,2025-02-28 18:00:00
CUST00801,32,Female,Hyderabad,2025-11-19 02:00:00
CUST00802,47,Female,Bangalore,2024-07-22 23:00:00
CUST00803,59,Female,Mumbai,2025-08-05 04:00:00
CUST00804,34,Female,Chennai,2025-01-21 02:00:00
CUST00805,22,Female,Delhi,2024-04-07 15:00:00
CUST00806,46,Female,Ahmedabad,2024-12-10 16:00:00
CUST00807,21,Female,Bangalore,2024-07-26 14:00:00
CUST00808,27,Male,Hyderabad,2025-05-28 02:00:00
CUST00809,34,Male,Hyderabad,2025-09-27 11:00:00
CUST00810,27,Male,Lucknow,2025-08-08 08:00:00
CUST00811,34,Female,Delhi,2024-06-14 20:00:00
CUST00812,37,Female,Jaipur,2024-01-22 11:00:00
CUST00813,41,Male,Kolkata,2024-06-02 14:00:00
CUST00814,22,Female,Mumbai,2025-03-14 01:00:00
CUST00815,51,Male,Jaipur,2024-10-21 22:00:00
CUST00816,23,Female,Lucknow,2024-08-06 17:00:00
CUST00817,19,Male,Mumbai,2025-10-30 19:00:00
CUST00818,30,Male,Delhi,2025-05-09 11:00:00
CUST00819,60,Female,Lucknow,2024-08-17 22:00:00
CUST00820,60,Male,Mumbai,2024-01-20 03:00:00
CUST00821,28,Male,Delhi,2025-07-06 22:00:00
CUST00822,64,Male,Pune,2024-05-27 15:00:00
CUST00823,40,Female,Jaipur,2024-04-17 22:00:00
CUST00824,33,Female,Jaipur,2025-02-06 15:00:00
CUST00825,48,Male,Kolkata,2025-08-18 00:00:00
CUST00826,28,Female,Delhi,2025-04-27 21:00:00
CUST00827,33,Female,Bangalore,2025-01-01 01:00:00
CUST00828,25,Male,Pune,2025-02-17 02:00:00
CUST00829,21,Male,Chennai,2024-11-04 20:00:00
CUST00830,57,Male,Mumbai,2024-05-13 19:00:00
CUST00831,21,Male,Pune,2025-12-19 16:00:00
CUST00832,42,Female,Delhi,2024-10-09 19:00:00
CUST00833,20,Male,Ahmedabad,2024-03-13 21:00:00
CUST00834,49,Female,Mumbai,2025-04-25 20:00:00
CUST00835,20,Female,Hyderabad,2024-12-17 00:00:00
CUST00836,44,Male,Jaipur,2025-07-13 19:00:00
CUST00837,46,Female,Delhi,2024-11-21 05:00:00
CUST00838,49,Male,Hyderabad,2025-03-18 14:00:00
CUST00839,36,Other,Kolkata,2024-04-09 13:00:00
CUST00840,38,Female,Lucknow,2024-02-28 19:00:00
CUST00841,22,Female,Chennai,2025-05-22 14:00:00
CUST00842,35,Female,Chennai,2024-09-14 13:00:00
CUST00843,45,Male,Hyderabad,2025-02-16 20:00:00
CUST00844,59,Female,Jaipur,2025-03-27 23:00:00
CUST00845,39,Female,Kolkata,2024-03-05 04:00:00
CUST00846,38,Female,Ahmedabad,2025-08-17 05:00:00
CUST00847,23,Female,Jaipur,2024-06-02 16:00:00
CUST00848,18,Female,Pune,2024-09-22 10:00:00
CUST00849,22,Male,Chennai,2024-03-19 15:00:00
CUST00850,58,Male,Pune,2024-11-10 11:00:00
CUST00851,29,Female,Mumbai,2025-10-23 14:00:00
CUST00852,43,Male,Bangalore,2025-07-13 22:00:00
CUST00853,63,Female,Delhi,2024-09-04 03:00:00
CUST00854,51,Female,Kolkata,2025-09-01 17:00:00
CUST00855,31,Male,Jaipur,2025-02-17 20:00:00
CUST00856,43,Male,Chennai,2024-01-25 02:00:00
CUST00857,62,Female,Pune,2024-10-10 21:00:00
CUST00858,44,Male,Lucknow,2025-03-24 07:00:00
CUST00859,26,Female,Mumbai,2024-10-27 22:00:00
CUST00860,43,Male,Delhi,2024-03-08 02:00:00
CUST00861,64,Female,Delhi,2024-01-07 07:00:00
CUST00862,39,Male,Jaipur,2024-05-16 17:00:00
CUST00863,64,Female,Kolkata,2024-06-12 09:00:00
CUST00864,47,Male,Ahmedabad,2024-03-23 19:00:00
CUST00865,60,Female,Lucknow,2025-10-11 16:00:00
CUST00866,34,Male,Jaipur,2025-02-23 07:00:00
CUST00867,43,Female,Pune,2024-03-13 22:00:00
CUST00868,53,Female,Bangalore,2024-08-24 10:00:00
CUST00869,18,Male,Hyderabad,2024-02-15 04:00:00
CUST00870,25,Male,Ahmedabad,2025-09-09 12:00:00
CUST00871,52,Male,Kolkata,2024-09-18 20:00:00
CUST00872,32,Female,Mumbai,2024-06-24 22:00:00
CUST00873,64,Female,Ahmedabad,2024-06-14 04:00:00
CUST00874,39,Female,Chennai,2025-10-18 23:00:00
CUST00875,31,Male,Kolkata,2025-01-04 12:00:00
CUST00876,43,Male,Bangalore,2024-02-23 05:00:00
CUST00877,45,Female,Chennai,2025-11-20 04:00:00
CUST00878,40,Female,Ahmedabad,2025-02-22 08:00:00
CUST00879,31,Other,Hyderabad,2025-05-21 15:00:00
CUST00880,41,Male,Hyderabad,2024-12-06 01:00:00
CUST00881,19,Female,Bangalore,2024-05-06 00:00:00
CUST00882,62,Male,Delhi,2025-02-12 07:00:00
CUST00883,43,Male,Lucknow,2025-01-01 18:00:00
CUST00884,31,Female,Mumbai,2024-09-27 10:00:00
CUST00885,24,Female,Delhi,2025-10-05 11:00:00
CUST00886,20,Other,Hyderabad,2025-08-27 11:00:00
CUST00887,64,Male,Hyderabad,2025-01-13 06:00:00
CUST00888,40,Male,Pune,2024-03-13 12:00:00
CUST00889,63,Female,Chennai,2024-09-04 07:00:00
CUST00890,60,Female,Ahmedabad,2024-02-12 21:00:00
CUST00891,64,Male,Mumbai,2025-01-11 08:00:00
CUST00892,62,Male,Bangalore,2024-02-10 06:00:00
CUST00893,35,Male,Ahmedabad,2024-06-18 20:00:00
CUST00894,55,Female,Pune,2024-07-30 23:00:00
CUST00895,52,Male,Hyderabad,2025-05-07 14:00:00
CUST00896,32,Male,Bangalore,2025-11-10 01:00:00
CUST00897,42,Male,Hyderabad,2024-02-08 22:00:00
CUST00898,54,Male,Mumbai,2025-01-03 19:00:00
CUST00899,45,Male,Chennai,2024-05-30 11:00:00
CUST00900,27,Female,Ahmedabad,2024-04-20 00:00:00
CUST00901,56,Male,Ahmedabad,2025-04-24 22:00:00
CUST00902,34,Female,Delhi,2025-03-11 21:00:00
CUST00903,56,Male,Bangalore,2024-02-16 07:00:00
CUST00904,39,Female,Lucknow,2025-07-28 04:00:00
CUST00905,43,Female,Pune,2024-12-31 14:00:00
CUST00906,61,Female,Lucknow,2024-03-09 00:00:00
CUST00907,42,Female,Delhi,2024-10-25 00:00:00
CUST00908,34,Male,Mumbai,2024-10-22 09:00:00
CUST00909,30,Male,Pune,2024-07-21 21:00:00
CUST00910,37,Female,Chennai,2024-03-01 09:00:00
CUST00911,42,Other,Lucknow,2024-11-09 20:00:00
CUST00912,21,Female,Chennai,2024-06-09 14:00:00
CUST00913,27,Female,Lucknow,2024-11-26 16:00:00
CUST00914,20,Female,Chennai,2025-06-11 21:00:00
CUST00915,58,Male,Lucknow,2024-12-03 05:00:00
CUST00916,62,Male,Chennai,2025-08-28 02:00:00
CUST00917,35,Female,Delhi,2024-10-30 12:00:00
CUST00918,64,Female,Kolkata,2025-05-17 15:00:00
CUST00919,53,Male,Pune,2025-10-11 07:00:00
CUST00920,64,Female,Bangalore,2024-12-03 14:00:00
CUST00921,39,Male,Mumbai,2025-07-03 16:00:00
CUST00922,51,Female,Jaipur,2025-09-30 16:00:00
CUST00923,64,Male,Hyderabad,2024-10-01 21:00:00
CUST00924,25,Male,Bangalore,2024-06-12 12:00:00
CUST00925,57,Female,Hyderabad,2025-03-18 16:00:00
CUST00926,61,Male,Pune,2024-11-14 05:00:00
CUST00927,36,Female,Bangalore,2025-08-11 16:00:00
CUST00928,59,Female,Chennai,2025-05-18 15:00:00
CUST00929,58,Female,Chennai,2025-11-16 13:00:00
CUST00930,54,Male,Jaipur,2025-01-21 12:00:00
CUST00931,23,Male,Hyderabad,2025-08-25 05:00:00
CUST00932,43,Male,Mumbai,2025-11-21 02:00:00
CUST00933,51,Other,Pune,2025-05-08 13:00:00
CUST00934,62,Female,Chennai,2025-05-04 13:00:00
CUST00935,23,Female,Kolkata,2025-12-21 14:00:00
CUST00936,54,Female,Delhi,2024-03-13 07:00:00
CUST00937,50,Female,Delhi,2025-05-23 14:00:00
CUST00938,39,Female,Lucknow,2025-01-24 21:00:00
CUST00939,38,Male,Mumbai,2025-09-10 12:00:00
CUST00940,23,Female,Delhi,2024-10-21 16:00:00
CUST00941,23,Male,Lucknow,2025-01-03 20:00:00
CUST00942,21,Female,Hyderabad,2025-11-24 23:00:00
CUST00943,47,Female,Chennai,2025-07-02 02:00:00
CUST00944,28,Female,Chennai,2025-10-10 05:00:00
CUST00945,47,Male,Kolkata,2025-07-21 04:00:00
CUST00946,48,Male,Bangalore,2024-07-05 21:00:00
CUST00947,41,Male,Delhi,2025-03-20 16:00:00
CUST00948,26,Male,Hyderabad,2025-07-23 22:00:00
CUST00949,20,Male,Ahmedabad,2024-12-28 01:00:00
CUST00950,48,Female,Delhi,2024-05-02 14:00:00
CUST00951,57,Female,Mumbai,2024-07-06 04:00:00
CUST00952,54,Male,Bangalore,2025-11-10 19:00:00
CUST00953,53,Male,Delhi,2025-02-23 05:00:00
CUST00954,41,Male,Hyderabad,2025-09-17 05:00:00
CUST00955,48,Female,Delhi,2024-09-08 17:00:00
CUST00956,23,Female,Mumbai,2025-09-10 17:00:00
CUST00957,19,Female,Ahmedabad,2025-07-02 03:00:00
CUST00958,37,Female,Pune,2024-11-30 16:00:00
CUST00959,45,Other,Jaipur,2024-04-01 13:00:00
CUST00960,28,Female,Ahmedabad,2025-06-13 13:00:00
CUST00961,21,Male,Lucknow,2024-03-03 12:00:00
CUST00962,32,Female,Delhi,2025-10-23 06:00:00
CUST00963,23,Male,Chennai,2025-05-26 11:00:00
CUST00964,47,Female,Kolkata,2024-05-18 22:00:00
CUST00965,55,Male,Chennai,2025-11-28 14:00:00
CUST00966,19,Female,Ahmedabad,2024-07-03 18:00:00
CUST00967,32,Female,Chennai,2024-07-23 10:00:00
CUST00968,28,Female,Hyderabad,2024-08-01 14:00:00
CUST00969,25,Female,Chennai,2024-09-12 11:00:00
CUST00970,43,Male,Bangalore,2024-05-14 02:00:00
CUST00971,62,Male,Pune,2025-07-26 16:00:00
CUST00972,61,Male,Delhi,2024-03-28 02:00:00
CUST00973,22,Male,Chennai,2024-07-25 18:00:00
CUST00974,23,Female,Mumbai,2024-05-08 19:00:00
CUST00975,43,Male,Pune,2024-01-03 03:00:00
CUST00976,21,Other,Pune,2024-04-30 02:00:00
CUST00977,36,Female,Chennai,2025-01-19 15:00:00
CUST00978,37,Female,Pune,2025-09-05 11:00:00
CUST00979,50,Male,Kolkata,2024-02-07 07:00:00
CUST00980,37,Female,Chennai,2024-12-06 23:00:00
CUST00981,29,Female,Hyderabad,2025-10-06 16:00:00
CUST00982,64,Female,Ahmedabad,2025-12-14 06:00:00
CUST00983,18,Female,Bangalore,2024-01-21 10:00:00
CUST00984,43,Female,Jaipur,2024-08-29 17:00:00
CUST00985,31,Male,Lucknow,2025-03-30 00:00:00
CUST00986,55,Female,Pune,2025-09-12 02:00:00
CUST00987,54,Male,Hyderabad,2024-10-29 03:00:00
CUST00988,28,Male,Delhi,2025-08-18 12:00:00
CUST00989,53,Male,Delhi,2025-08-17 05:00:00
CUST00990,30,Male,Lucknow,2024-03-09 13:00:00
CUST00991,60,Male,Bangalore,2024-05-08 04:00:00
CUST00992,20,Male,Pune,2024-07-14 15:00:00
CUST00993,50,Other,Kolkata,2024-05-19 14:00:00
CUST00994,23,Female,Lucknow,2025-03-19 14:00:00
CUST00995,27,Other,Bangalore,2024-10-09 03:00:00
CUST00996,22,Male,Pune,2024-11-07 07:00:00
CUST00997,40,Male,Hyderabad,2025-06-18 15:00:00
CUST00998,27,Female,Ahmedabad,2025-10-26 15:00:00
CUST00999,61,Male,Kolkata,2024-10-03 03:00:00
CUST01000,19,Male,Jaipur,2024-03-01 12:00:00
